BibTex Key,Emotion Model Citation,Emotion Model,Engagement Citation,Engagement Concept
harrison2013affpriming,Russell 1980,Circumplex Valence-Arousal Model,,"capturing attention, interacting with"
lan2022kineticharts,Hung & Parsons 2017,emotional involvement while interacting with a visualization,O'Brien & Toms 2008/2010,"""a quality of user experience characterized by attributes of challenge, positive affect, endurability, aesthetic and sensory appeal, attention, feedback, variety/novelty, interactivity, and perceived user control."""
xie2024emordle,Scherer 2013,Geneva Emotion Wheel 3.0,"Malik et al. 2009, Viegas et al. 2009","capturing attention, actively participating in, authoring"
pfeiffer2022makehappy,Plutchik 1980,Wheel of Emotions,,capturing attention
yang2024swaying,Watson et al. 1988,PANAS-X,,
blair2025immutable,Bradley & Lang 1994,"""Emotion is commonly characterized through three factors: arousal, valence, and dominance""",Kennedy & Hill 2018,"capturing attention, interacting with, sense-making"
morini2024ShockShiftData,Hung & Parsons 2017,emotional involvement while interacting with a visualization,Attfield et al. 2011,Cognitive-Affective engagement model
allen2018visbrokerage,Lerner and Keltner 2000,emotions mediate how people evaluated information by suggesting appropriate actions,,"sense-making, decision-making"
hakone2016proact,,,,"increasing awareness, facilitating decision-making"
abraha2025diabetes,Michie et al. 2011,COM-B Framework,Michie et al. 2011,COM-B Framework
holder2024tuesday,,,,"receptivity to information, sense-making"
elhamdadi2024vistrust,"McAllister 1995, Zhang 2013","Affective trust is the ""immediate emotional responses to the data or visualiatin, as well as affective perceptions of either/both."" (reference)",Kelton et al. 2007,establishing trust
giacomin2012energyvis,Russell 1980,Circumplex Valence-Arousal Model,O'Brien & Toms 2008/2010,"""a quality of user experience characterized by attributes of challenge, positive affect, endurability, aesthetic and sensory appeal, attention, feedback, variety/novelty, interactivity, and perceived user control."""
zhang2021affcolmap,Russell 1980,Circumplex Valence-Arousal Model,,"looking at, interacting with, consuming"
anderson2021affective,Russell 2003,Core Affect Model (circumplex model),Segel & Heer 2010,"looking at, interacting with, consuming"
song2025credibility,,,,"capturing attention, spending time with, sense-making"
li2023artistic,Scherer 2005,Gevena Emotion Wheel (modified),,"interacting with, reflecting on"
alebri2023embellishments,,,"Mahyar et al. 2018, Yi 2015","Taxonomy of engagement, Enticement (own)"
kauer2021publiclife,,,"Walny et al. 2020, own","interacting with, sense-making, increasing memorability, decision-making; direct engagement (observable interactions with the space, artifacts, and people) and data engagement (extend to which a visitor connects with [...] the data behind the visualization); commenting on, reactions: observation, conclusion, hypothesis, clarification, proposal, critique, additional information, testimony, opinion (including feelings and emotional reactions), other"
zhao2022visasinfra,,,Kennedy et al. 2016,"six factors: subject matter, beliefs and opinions, emotions, confidence and skills, source/media location, time"
arunkumar2025recall,,,,"capturing attention, interacting with, increasing memorability"
mckinley2025trustworthy,,,,"capturing attention, spending time with, interacting with"
kennedy2025generic,,,,"capturing attention, sense-making, interacting with, interpreting"
fox2025vibes,,,Kennedy et al. 2016 (engaging with big data),"""the processes of looking, reading, interpreting and thinking that take place when people cast their eyes on data visualisations and try to make sense of them"""
van2021justagraph,Watson et al. 1988,PANAS,,
koesten2025crisismaps,own,responding personally captures affective activities,own,"capturing attention, spending time with, sense-making, responding personally; analyzing, raising questions"
arunkumar2024imageinfo,He et al. 2023,BeauVis Scale,Mahyar et al. 2018,Taxonomy of engagement
sorapure2023user,Kostelnick 2016,emotional valence,Kennedy & Hill 2018,"capturing attention, interacting with, sense-making"
wu2023datadata,Gibbons 2018,empathy mapping,,"spending time with, showing interest, actively participating"
schuster2024climate,,no formal definition; working with emotions as a factor in perception and action toward climate change visualizations Reference Brosch 2021- Affect and emotions as drivers of climate change perception and action: A review,,"capturing attention, interacting with"
kennedy2018feeling,,,,"capturing attention, looking at, interacting with, consuming"
sallam2002datavideos,Marteau & Bekker 1992,State Anxiety Scale 5 model of personality - most accepted personality assessment model across diverse disciplines,Amini et al. 2018,"capturing attention, interacting with, feeling motivated to use"
he2024receptivity,Plutchik 1980,Wheel of Emotions,Kennedy et al. 2016,"looking at, reading, interpreting, reflecting, sense-making, receptivity (Enticement)"
lan2021smile,,,Kennedy & Hill 2018,"capturing attention, interacting with, sense-making"
ancker2009healthrisks,Petty & Cacioppo 1986,Elaboration Likelihood Model,,"manipulating, elaborating on, acting on"
zhang2023digital,"O'Brien and Toms 2010, Ajen 2001, Cyr et al. 2009, Davis 1982","User Engagement Scale, attitude as influenced by affective and cognitive factors, enjoyment defined as a feeling that causes a person to experience pleasure",Attfield et al. 2011,Cognitive-Affective engagement model
block2012deeptree,,,Humphrey & Gutwill 2005,"Planned Discovery, Active Prolonged Engagement; capturing attention, interacting with, exploring, learning"
oh2018harnessing,Gibson et al. 2011,Empathetic perception,"Wang & Sundar 2017, Green 2004, Green & Brock 2000/2002",Transportation
fuest2023nudging,Scherer 2005,Geneva Emotion Wheel,"Glasgow 2021, Quercia et al. 2014",nudging behaviour
banks2024benefits,,,Sadler et al. 2019/2022,"connecting with others, seeing different perspectives"
pirani2020femcart,Watson et al. 1988,PANAS,,"interacting with, paying attention to"
lan2021linearity,,,O'Brien & Toms 2008/2010,"capturing attention, spending time with, increasing memorability"
mencarini2025peaks,,,,"capturing attention, spending time with, sense-making, decision-making"
moin2025vagina,"Watson et al. 1988, Russell 1980, Moge et al. 2022","Circumplex Valence-Arousal Model, PANAS, Physiological basis",,"capturing attention, interacting with, sense-making, learning from"
sakamoto2022datavideo,Petty & Cacioppo 1986,Elaboration Likelihood Model,,"capturing attention, being entertained"
mittenentzwei2023disease,Alam & So 2020,Emotional flow,O'Brien & Toms 2008/2010,Six attributes of engagement
liem2020structure,Jowell & Fitzgerald 2007,European Social Survey,,"capturing attention, interacting with, feeling motivated to use"
campbell2022Feeling,Scherer 2005,Geneva Emotion Wheel,Aristotle modified,Artistotle's persuasive triangle
rogha2024impactelic,O'Brien Cairns Hall 2018,"User Engagement Scale capturing/focusing attention, exploring, eliciting a response",O'Brien Cairns Hall 2018,"User Engagement Scale, capturing attention, exploring, eliciting a response"
concannon2020brooke,,,Crabtree & Mortier 2015,"analysing, sense-making, empathizing"
davidson2025maps,,,,"capturing attention, interacting with, sense-making, learning from"
vandenbosch2022weather,Bartsh Kalch and Oliver 2014,Emotional Engagement Scale,,"capturing attention, spending time with, actively participating, supporting analysis, sense-making, reflecting"
ferreira2024arcadia,Ryan 1982,Intrinsic Motivation Inventory,"Clark Corner Webster 2018, Ryan 1982","capturing attention, interact with, reflecting on"
klettner2025significance,,,,"capturing attention, interacting with"
romat2020dearpict,Brehmer & Munzner 2013,enjoyment in visualizing data,"Amini et al. 2018, Boy et al. 2015","capturing attention, interacting with, feeling motivated to use"
boy2017showing,"Batson 1987, Hoffman 2001","Empathy-altruism hypothesis, empathy-arousal",Borkin et al. 2013,"capturing attention, increasing memorability"
morais2022exploring,Batson 1987,Batson's empathic concern,,"looking at, interacting with, consuming, reflecting"
zhu2024reader,Hung & Parsons 2017,emotional engagement as empathy toward characters,"Amini et al. 2018, Busselle and Bilandzic 2009","feeling immersed, capturing attention, spending time with, empathizing"
lieske2014climate,,,Lieske 2012,"increasing awareness, taking action"
kaufmann2023environart,Wilce 2009,Sentiment analysis (proxy for emotional measurement),,"capturing attention, interacting with, spending time with, learning, decision-making"
zamil2025ccgame,Oinas-Kukkonen & Harjumaa 2009,Persuasive System Design (PSD) Model,,"capturing attention, showing interest, interacting with, sense-making"
garreton2023attitudinal,Watson et al. 1988,"I-PANAS-SF Elaboration Likelihood Model (ELM) (Petty & Cacioppo) - persuasion plays an important role together with emotions (Petty & Brinol - emotion and persuasion). For change of attitude to be lasting, it needs to be accompanied fby formation of a satisfactory memory (info retention)",Petty & Briñol 2015,Elaboration Likelihood Model
edgeley2024wildfire,,,,"capturing attention, interacting with, receptivity"
zou2025campus,Relph 2008,"emotional resonance as personal involvement (""locality"" theory)",,"sense-making, increasing memorability, reflecting, increasing personal involvement"
ehmel2021topography,,,Valkanova et al. 2013,"capturing attention, spending time with, sense-making, reflecting on, actively interacting with; allowing different viewers to determine their own level of engagement and interaction with visualizations based on interest"
knoll2025gulf,,,,"capturing attention, spending time with, sense-making, interpreting"
jain2025strolly,,,"Georgiou & Kyza 2017, Jain 2023","engagement as narrative immersion, a psychological process where the user becomes deeply involved in an experience both cognitively and emotionally; this view of immersion aligns with the goal of immersive data storytelling, which aims to tell ""visually engaging data stories in an immersive environment... and is the definition we focus on."" capturing attention, spending time with, interacting with"
markant2026sectarianism,,,"Borkin, Yang","capturing attention, sense-making, learning from, increasing memorability"
strain2025scatter,,positive and negative emotional valence,,"capturing attention, spending time with, sense-making, feeling motivated to use"
wei2025atthepeak,Plutchik 1980,Wheel of Emotions,,"capturing attention, showing interest; engagement metrics (likes and comments online)"
